0,1,2,3,4,5,6,7,8,9,10,11,12,13,14,15,16,17,18,19,20,21,22,23,24,25,26,27,28,29,30,31,32,33,34,35,36,37,38,39,40,41
0.8001260709923183,-0.6228419775649173,-0.9356454700181661,-83.1955299658573,234.6088293424606,-53.508835943294194,0.39840560246481765,-3.063993795095066,-3.2164553467402155,-132.08934645308543,-129.62921639617133,-161.04513589900316,-0.8802408998919583,-1.059582151086398,-0.4471111132639633,-7.759828461502958,5.44229415793231,-18.504050695905295,0.017992096886303644,1.3565861129699304,-0.3695999194284584,4.739159436408399,-33.78773664180794,-133.9893920710125,-0.2802617229254764,-0.6968962500067236,0.9064986153014243,-142.14649834942122,25.997314528284168,-0.7676313921810679,-0.1556968948112153,-0.826695610022772,-0.1884809000555456,-25.67711965992005,59.6229835005309,-75.6155393264719,0.13278827431750967,-0.9856633344287777,-0.06081051175556811,-31.566843314290765,8.396570149172454,5.880468057679306
0.39057667299334753,-0.867489348595269,-0.7360117698148279,-80.66484622390615,225.7795862068441,-66.74761686872624,0.4796043305390967,-2.2838612355583545,-2.2556585168041345,-147.0507190687602,-114.74554511987411,-139.70253573662285,-0.6445625480513764,-0.9350760763209217,-0.3223109320145141,3.6817155422492958,-5.243237608034741,-31.459878680341287,0.002931091941136643,1.3904222534545758,-0.36059771315983985,4.98392730306022,-33.62219247850684,-137.9929408635968,-0.26938933044039665,-0.6921338609917721,0.9153042739808525,-154.4172889855767,28.132354060831005,-0.41560638399543864,-0.1481651772097234,-0.8612382003468312,-0.19219676067310806,-25.97885937606229,58.3409706758421,-70.43173180546535,0.13455611919149507,-1.015781561865728,-0.07454897159614582,-34.67744856335907,9.101902988901905,8.404786926967567
-0.058264072565825026,-1.1302151318221068,-0.5006502951403728,-76.77516423998033,212.5963141591309,-79.66846102963899,0.5468096516867856,-1.5222906589666494,-1.2411566568137926,-165.16782845614335,-96.8612231478907,-117.04928861993247,-0.3939790475879606,-0.8202758362806826,-0.18702337094771299,14.197345300878212,-14.830609981029303,-45.2948529771774,-0.011190459826504934,1.430286689666935,-0.3507260821293408,5.231228313207897,-33.567776277227026,-142.46930950466762,-0.25765547636403574,-0.6888068283205608,0.9240453086093838,-168.46422635945268,30.520283695458236,-0.015100534401035504,-0.14183867514943818,-0.8997049243834557,-0.19882895364478936,-26.279269957930442,56.657164621441474,-64.64017112244692,0.13509257619450554,-1.0520401106579351,-0.08835370195486462,-38.1882087851608,9.444604919322133,11.137811606301447
-0.5073986750209732,-1.3778717837880257,-0.2398420588619928,-71.03478973740796,194.30806557235888,-89.49372152094902,0.5708521390344697,-0.9445640559885076,-0.33426854721640487,-188.13050016703346,-77.21548050876926,-96.73597288786625,-0.16218847548404564,-0.7458368272622767,-0.0584555875220582,21.208093599866576,-20.82708765215664,-57.74636229944641,-0.0205369271189103,1.4761953886432535,-0.34245062655005887,5.457394550205094,-33.84583301619709,-147.02364917356508,-0.24765173706229054,-0.6891527968794522,0.9319880363472847,-183.3204441799268,32.90732876519703,0.3615835130071414,-0.13766623201185008,-0.9383553304868838,-0.2101284424715637,-26.50883129656071,54.610276016371145,-58.72223101690379,0.133080117766945,-1.0942032808859505,-0.09959336221379458,-41.6935012690599,8.92011614436325,13.720512873189987
-0.9458400262197357,-1.6014373333293328,0.042953249687617594,-63.48733777104768,168.35877844406258,-96.02790415928814,0.5492919427755159,-0.5920053489304825,0.42730657121722737,-217.04031084519843,-58.29957848087887,-80.41799820168224,0.044903471319889976,-0.7237287005746186,0.06049950005052747,23.989640502181302,-22.365559750494313,-68.7562866703728,-0.021136539884253226,1.5316666848642724,-0.33555879998226484,5.626046674180253,-34.52963647353436,-151.8363027874781,-0.2401716758759327,-0.6929010580914702,0.9409863388871792,-199.76081413313045,35.25957818872948,0.6419875766143509,-0.1370084185355731,-0.976918609179097,-0.2268182171751785,-26.57089911584405,51.91171041436921,-52.293556058492804,0.1269350326877721,-1.143980795072005,-0.10740128676651972,-45.12624214101061,7.36511002471254,16.090482738511135
-1.312410034900561,-1.7745149286069546,0.30904224292589394,-55.30905538088289,133.00206549687763,-99.69763367850746,0.5090097742445246,-0.5017592834764627,0.9872614421984685,-247.8251593298133,-44.50507273775512,-71.9333147440625,0.20478395924300508,-0.7685260132229011,0.157046412230504,21.779306503867456,-18.690666897081453,-77.66408641840117,-0.008766218351831601,1.596920493902718,-0.3301077375241629,5.71367956997963,-35.651525217420954,-156.83811860176917,-0.23570166955076594,-0.6992037233656738,0.9538433985569092,-217.49606909495972,37.31579756693929,0.6859468894409138,-0.14130973560456483,-1.0124433071163146,-0.2481288263015513,-26.37960247498803,48.550070987461766,-45.39929960391617,0.11550839711971198,-1.199546622945602,-0.1100508191823862,-48.16551614048088,4.862997133208041,17.99213539302884
-1.5400756451052149,-1.885230885728297,0.5131480229622839,-48.29238936375225,86.78248361094704,-102.59171792303592,0.4772756052521416,-0.6425502044731561,1.3692148826679118,-274.74100795895987,-38.67265161468474,-72.05283304048895,0.2993476813604169,-0.8871882093306652,0.2195297889167903,14.691089807114984,-10.105071499153874,-84.1308297936045,0.02143750844518269,1.6734971853760563,-0.32585352211724333,5.686763501901116,-37.20478724458367,-162.15241395524765,-0.23356572714911356,-0.7072348245640077,0.9757159655851199,-236.9766011762093,38.88361268872801,0.22402917563606722,-0.15184824978558023,-1.0425179440201493,-0.2727215038968037,-25.763828688674995,44.43172998799839,-37.69869479826526,0.09814834150401427,-1.25951034911582,-0.10570986791236082,-50.53119195695589,1.7083649157673162,19.231662929105973
-1.57164549402673,-1.9328831736586263,0.6182631785911653,-44.069899577072135,31.54818792699581,-106.67689908040326,0.43261210093905206,-0.9593425498847694,1.607184757735934,-292.8110947973457,-41.22784981620819,-77.8627108290301,0.31178977835183996,-1.0772177330249757,0.23665984004412818,3.47505554151301,2.432900470201433,-87.52752509120114,0.07239629429673503,1.7598463396930106,-0.32291826827834563,5.536249393619952,-39.12504785579793,-167.63108362315808,-0.23268992954414575,-0.715791833817953,1.009843296090917,-257.92568634122404,39.78118741819593,-0.9513258984098726,-0.16895982726094663,-1.063898125340918,-0.298674568333919,-24.545069213176703,39.626445612046744,-29.07339984870168,0.07551464152662271,-1.3207410900093624,-0.09270073455705803,-51.92703281165252,-1.7412464755156785,19.636708119823588
-1.400267562575649,-1.9316697394397973,0.6102145895578127,-43.77423525227537,-27.620089796215193,-113.34033210088668,0.33630928677688754,-1.363611772887149,1.7434995202576373,-299.09104899962244,-50.96131777829397,-85.35166452175088,0.23755047593277798,-1.3233468039367542,0.20252273286755457,-10.19941924267582,16.901259940267444,-87.27091615728956,0.14679318554278054,1.8574567269362325,-0.32244809556656157,5.195420654257938,-41.38911573823265,-173.3849678914213,-0.23310979930482015,-0.7257702031196847,1.0610156999333322,-280.9356659944443,40.06762300046713,-3.0737537532887123,-0.19210753236602343,-1.075323977746332,-0.32420392181084007,-22.4876463628984,34.05171051310833,-19.105727683313138,0.04888094109630047,-1.382565843423668,-0.0705989832624162,-52.15994164206128,-5.20628075614176,19.194740462262764
-1.0712744860785648,-1.896394796465364,0.4962797505625283,-47.715608806772124,-83.21950780086965,-122.23789365829131,0.18117392998567913,-1.7615043304442242,1.7897159119911712,-292.8372218157531,-66.04895049794698,-92.05005581556239,0.08431631843495332,-1.5968488244006884,0.11756949637255329,-24.165229173633062,30.671654918962023,-82.69188062558274,0.24494220282112983,1.9647934765236774,-0.3258137654042525,4.5679208126786515,-43.92155579366039,-179.27135080167406,-0.23595198004602252,-0.7380607476202959,1.1314316584459412,-305.9940600973179,39.932295805745326,-6.250394750165291,-0.21935434761088576,-1.0752830185981586,-0.34681964799347687,-19.412564489770027,27.642467114309408,-7.561677170077499,0.019914717022786802,-1.4425863888745187,-0.041104825629911024,-51.06176488523093,-8.514497815153735,17.988938799446306
-0.6533870937534217,-1.842389701691364,0.3005096530931149,-55.44801249468375,-128.434258768041,-132.17785455783698,-0.005487847223587024,-2.076950359983958,1.7558834642120904,-275.43288573934007,-84.37720989671655,-96.71810142873863,-0.12730407775023395,-1.8621873166583587,-0.011411229628421258,-36.133563293846706,40.800505890962704,-73.36982628674765,0.36463433043602117,2.0801695098087216,-0.3345416522187676,3.4965331361803234,-46.615654219182886,-185.30168360020173,-0.2428713535084627,-0.7544682307642,1.222579313117081,-333.4036732088766,39.6519130471579,-10.585049142695674,-0.24759520712166017,-1.0645885319745985,-0.36413929152993335,-15.249877275373692,20.266655772705853,5.727272639958221,-0.01004095570138226,-1.4980630762727531,-0.007733980672404093,-48.5604150307865,-11.49802367157769,16.218633936649475
-0.21022080230171625,-1.7782749973311551,0.0551520127828998,-65.75447941463204,-159.25046791737358,-141.72263067289762,-0.17930415057461033,-2.2727071544922604,1.6676207309704303,-249.49171991783672,-103.42456146399037,-98.97109900186398,-0.3663534420886029,-2.0803330565185263,-0.1715700734718965,-44.15316085808537,44.57545045794172,-59.26558756838311,0.49958712109178893,2.197676046624117,-0.3491672512264871,1.7741113580985761,-49.22599984714537,-191.35971526703585,-0.25409492414041923,-0.7771016945399926,1.3312408811329848,-363.32869237201777,39.38860153413379,-16.22021395830165,-0.2723352498613254,-1.0450279748753988,-0.3741581876950426,-10.047452905315936,11.655310436333892,20.895579242081244,-0.04002329657492323,-1.5437511296635924,0.025508190804783018,-44.63454926553545,-13.929483725002957,14.144825314758284
0.20550061272414905,-1.707419382430951,-0.2091931326221103,-77.16770002770531,-174.06294059625282,-149.70345426485554,-0.28720620752968806,-2.3448473775173877,1.5536679803475328,-218.21553197574863,-120.23769850421662,-99.26949061282538,-0.5947893547354365,-2.21248800535998,-0.3427699106985822,-46.79149743781011,39.960764866867976,-41.254028188441254,0.6379752036607876,2.308548927201463,-0.3694601063405148,-0.7593896613916941,-51.41736290363226,-197.358377614596,-0.2673279929698315,-0.8103562431050502,1.448490397326536,-395.4070759860868,39.259465458637436,-23.233350184309728,-0.2886089989546482,-1.0207073411041199,-0.3760305291192746,-4.104075975419764,1.7466487920647538,37.595619281740824,-0.0683627690312123,-1.5749525107395226,0.054804622627344465,-39.5009702850339,-15.514293368987937,12.089913675311664
0.5575086926832267,-1.628166794512628,-0.465002507973994,-88.13774328655369,-173.8566272637015,-155.4162155828611,-0.2962488347875354,-2.299884458853309,1.4393802286666684,-184.46359497453335,-131.49244441862032,-97.59578730010325,-0.7680811731953457,-2.2303433446042003,-0.500954065782998,-43.501287692010344,26.10557918007238,-21.42193358241868,0.762000675406848,2.4014415339033204,-0.3943539193991406,-4.26919750366459,-52.758570114864256,-203.1820207773827,-0.281532915101497,-0.860593455223236,1.5640781863031379,-429.4341315677525,39.4322674596822,-31.783413554612334,-0.29138210584602253,-0.9967341167065497,-0.3703679406766611,2.213243233013938,-9.637602709007105,55.635731815529766,-0.09340752178374616,-1.5889796642473515,0.0776350181786368,-33.48919677956654,-15.963237663065208,10.404426689312851
0.8278962740182825,-1.536248129375522,-0.6873212519425177,-97.22160319793021,-160.8704372196966,-158.5372559781868,-0.22314829548872336,-2.156275205313621,1.3360854749359734,-150.90456223409592,-135.07478525272305,-93.15437083162675,-0.847349736209461,-2.132193468274679,-0.6247918512112374,-34.92028064142779,4.17348518699961,-2.7677649119308607,0.8504772862147423,2.464952970176345,-0.4217139935540089,-8.74889531634123,-52.88997113321789,-208.57026021392736,-0.29750350224968036,-0.9317102021651946,1.6682848824781167,-464.33950038603024,40.13085884299972,-41.68718516344162,-0.2777131930928499,-0.9773967858316537,-0.3589278785438743,8.415231912313466,-22.265607505732614,74.34568079336469,-0.1134906101073379,-1.5856725044982036,0.09255631025127502,-27.067781105501428,-15.080159498880384,9.372149213646065
1.0141603601657878,-1.428394194555768,-0.8582009476774306,-103.20603294218655,-138.03565954172583,-159.10736867220473,-0.11849764023552825,-1.9486638506612237,1.2476220636310988,-119.46149299251641,-130.9066697156064,-85.37866057064835,-0.8119426909639421,-1.942282936289074,-0.7059614399208441,-22.932554707550906,-22.619216085056443,11.43967748986806,0.8812032354465552,2.4903237773469065,-0.44891381367071753,-14.14463394419271,-51.56822667489292,-213.3348865195859,-0.32272696727666234,-1.0263589778826967,1.7578052726161049,-499.3909853066054,41.66598325063918,-52.74779313189978,-0.24697448710595057,-0.9672879789603618,-0.34475460760502014,14.06304973820661,-35.902003587684895,93.34142843977202,-0.12766057180062906,-1.567756904799417,0.09978107994795066,-20.627928727282093,-12.699251037759044,9.197081700062162
1.1194590772402198,-1.3058257026381563,-0.9683475581153193,-105.23116849938039,-108.45577003803355,-157.1796033082301,-0.029949324276856662,-1.713868554160226,1.168051011893034,-91.33348199188272,-120.65860572951557,-74.98882970169412,-0.6708147891236594,-1.696517425380616,-0.7491086844285899,-10.089630475839884,-49.698308046444744,18.76858313016513,0.83900466864198,2.470592040836452,-0.47115249263986647,-20.192978040057564,-48.807354499115206,-217.0301227573426,-0.3655418920133986,-1.1389220110097042,1.8289782601428546,-532.895206352884,44.35512966985924,-64.50603709009182,-0.2016249003068938,-0.9681219215741412,-0.3308777579946859,18.739701326037142,-49.91504759228519,111.90186936760267,-0.13545317848735755,-1.5376139956611836,0.10081578027935174,-14.509688538127463,-8.787459291037907,9.932405832788753
1.1513426910941993,-1.1766840017112479,-1.0187063667699003,-103.11510515315216,-74.95197190960026,-152.88671583050518,0.0201313691995833,-1.476131351642788,1.0923855419566821,-67.07569654586473,-106.87786349321696,-63.462624044993916,-0.45151966766497564,-1.4292217497907147,-0.7670332271358538,1.1138654740840308,-72.56548368109642,17.86535703956353,0.7204427992414619,2.4024182687242317,-0.4842070503884445,-26.511796579290397,-44.802200641872645,-219.25395213009625,-0.435541799733232,-1.2599651264286749,1.884601732956688,-563.4050184765475,48.110640160085985,-76.61826370371284,-0.145748563831561,-0.9815197203959061,-0.31972648635359074,22.202196513255558,-63.688351398540675,129.56555129275685,-0.13694420453546605,-1.498766851417899,0.09801475480772492,-8.94902676391329,-3.503198940765119,11.50467795136882
1.1230085291823233,-1.0519854956379857,-1.018003720034781,-97.39634048986385,-40.09363065540229,-146.3458655152468,0.03681999109713061,-1.251665718692597,1.0219622497501422,-46.905771045217556,-91.98768448532918,-52.2342697652635,-0.18784812763197833,-1.1674362404750207,-0.772941831033536,8.740586408026273,-87.78381837391777,8.732570997867644,0.5358774228374822,2.284329016270262,-0.4877312646497769,-32.60056152738077,-39.785231155541474,-219.43536782175835,-0.5398209604891142,-1.3774453951842307,1.93553417261148,-589.0846010583333,52.23103841060906,-88.70826701024251,-0.0842262142601521,-1.0072976243202167,-0.3122410517841969,24.4101217531953,-76.66752413067329,146.00673268089125,-0.13266933479826357,-1.4534900842526692,0.09372143861615544,-4.058331251459579,2.7253016229245413,13.685485561830184
1.0502106992885547,-0.9465101399067114,-0.9788145174745,-89.26086365083121,-6.203027042974576,-138.00241628517693,0.03441844817926769,-1.0575199037255716,0.9629833877637244,-31.22095010322673,-77.70504132928117,-42.26727441201638,0.08766489586216186,-0.9341047650379364,-0.774655794144369,11.559553044185677,-93.35658608481396,-7.58977495808115,0.30631168018119503,2.1218113074774045,-0.48717140585736163,-37.91162044494434,-33.99407002419848,-217.19789050925772,-0.6841969256320087,-1.4810161079954747,2.0028744824435543,-607.7901220503368,55.63649194234354,-100.10916604905997,-0.022634028671903325,-1.0453270819378628,-0.30845049028107785,25.411830583609515,-88.26549734166646,160.83322575736625,-0.12317245179934493,-1.4049065840286423,0.08952781191550288,0.03603066014070658,9.24955362403874,16.149225504762246
0.9517627712945559,-0.8709069342123744,-0.9167272041179472,-80.01056311365731,24.80954997875361,-128.4347337715618,0.021758010829781852,-0.9037584810430608,0.9157650510872627,-19.546920595492704,-64.91054668499045,-33.82297653042289,0.3461262406701777,-0.745226062841173,-0.7737580773697911,9.178655318346033,-88.91928602636428,-29.367483644859597,0.055857138628897525,1.9241230592791974,-0.4894748285943093,-42.03912688430141,-27.38119878144445,-212.0610317947634,-0.8739703133731481,-1.5667880287668046,2.1025137663908158,-616.3803437447501,56.563700819744625,-109.89628162429447,0.03484117523300356,-1.0954346190090338,-0.3067999906917668,25.370569338712077,-98.1305224909131,173.93623137197258,-0.10878564572283504,-1.3546359939646977,0.08629138127289682,3.3313416773862774,15.384805522564719,18.487957381847984
0.8416507849931296,-0.8310135951114173,-0.8450029342137001,-70.72616590193944,51.28840648909897,-118.39788848121003,0.0021229436668733018,-0.7894880871421454,0.8770543567754957,-11.391173754596737,-54.1456664523576,-27.025499487492798,0.5625640017378118,-0.6110929293950652,-0.7659509880095867,2.2241758752219973,-75.74264975790219,-54.47527079375973,-0.19169520272117974,1.7075709229543308,-0.4991724671482575,-44.733287007696454,-19.86435678741196,-203.89322710305703,-1.1077377143341165,-1.6386294370113725,2.2298178436033735,-611.8848383228358,52.84304463424697,-117.06332484648404,0.08555034751563716,-1.157207723955631,-0.30498524116629105,24.425582675831954,-105.88868848935523,185.059593994964,-0.08979378001880287,-1.304765251079777,0.08388333329096632,5.784385821375764,20.511758494991675,20.330066369617924
0.7295709905729485,-0.8255888766373602,-0.7735826923996763,-62.10247660337077,72.35333869367464,-108.56076605519792,-0.02160734841939131,-0.705762167581835,0.8439421683763554,-5.829229385043949,-45.57412804318534,-21.785023192582987,0.7196964005733958,-0.5377833284581037,-0.7474339545768789,-7.932959386740826,-56.302291350551315,-80.69211275283598,-0.41848444659788764,1.4904489794436435,-0.5175303356306603,-46.02055686463494,-11.020039198192459,-192.57727218483478,-1.3715192879611402,-1.7011986587421075,2.367004303008165,-590.5927328456561,41.58363641414754,-120.5013768394816,0.12899767210980448,-1.2315228995691954,-0.3007761258505449,22.81855679256312,-111.36788282051302,194.30244153307427,-0.06641663873913425,-1.2567546637805096,0.08162581432434138,7.461066151108423,24.199173683762755,21.33861837958418
0.6194448826360395,-0.8486266079807919,-0.7062812487199713,-54.51185334569417,87.55648655880613,-99.53638179126091,-0.04449302712454357,-0.6460552547128071,0.8173378855056777,-2.272927591244029,-39.08881456340497,-17.97102676300152,0.8103340144464125,-0.5275911989364216,-0.717556947152965,-19.5463624148911,-33.7034719750634,-105.55661030636962,-0.609245909553669,1.292740935956827,-0.541815207223837,-46.06225104967796,-0.5672480961087971,-178.39418377551058,-1.634321310593845,-1.7610091545647537,2.4879870623328024,-549.6658463932175,20.561002288924097,-118.90998241658366,0.16471683214646954,-1.316361666027483,-0.29305916937807097,20.793384641598692,-114.30107725317637,201.4940120305225,-0.03957123208918748,-1.2114383183591717,0.07867094651210144,8.423825550856094,26.1945812327205,21.301725453963492
0.5107724526853459,-0.8920944268676112,-0.6423423143241468,-48.058280978571,97.03303303041665,-91.87398769161831,-0.06152899583100486,-0.6050807702550115,0.7987252932961514,-0.2114723083251774,-34.33544904600655,-15.31789866308985,0.8383537696011653,-0.5796318329250106,-0.6804495614387173,-30.958312732196482,-11.011720991697365,-126.74962545060043,-0.7537987274145687,1.1319210991904411,-0.5655342492288029,-45.122865380131536,11.69988415733027,-161.74813267936455,-1.8510616554154242,-1.8374029557045264,2.5685176938105365,-486.49848383934386,-10.978002551880719,-111.07929225094371,0.19202982422284043,-1.409039915163488,-0.28239534178898956,18.710524473876337,-114.58346943554231,206.64463130453504,-0.010481304084191557,-1.1699169354515309,0.07444208178115727,8.797055607078253,26.47227774614467,20.12039111784953
0.4017685463299756,-0.9456965473216083,-0.5787345409195219,-42.62160014813091,101.2046440041162,-85.83325677492228,-0.06984470376327166,-0.5770611809681097,0.7876776244155932,0.7695563022349935,-30.80536357131051,-13.468928546365042,0.8141848547237677,-0.6865379986463317,-0.6418179394036578,-40.8610236311954,9.251198798733121,-142.36024364917915,-0.8475256923189767,1.016597307306171,-0.5796949177021915,-43.47564581339498,25.541318435122758,-143.03927882269372,-1.971114816070491,-1.936460164672335,2.5927767639743626,-399.7600736057088,-51.27976332141329,-96.70890647542987,0.2097714936915915,-1.5035736187750135,-0.2703170665560406,16.9375218187589,-112.23906848893839,209.66361119035952,0.019393960569557656,-1.1321526868535678,0.06880306402186614,8.727558053777193,25.20047463243405,17.833671857869877
0.2936714921127274,-1.0007193739627451,-0.5137426380221716,-38.084847611801834,100.39446428280596,-81.44915163239374,-0.06970983584563858,-0.5584174796915152,0.7837099444242552,0.8233009019979913,-28.088932630165594,-12.133851710824475,0.7493767859579644,-0.8365702218063894,-0.606610198690742,-48.42137181071196,25.388491142503323,-151.31831963795688,-0.8931852020591013,0.9446695321725048,-0.5759380151610338,-41.394187738684224,40.22273300275888,-122.73415520310459,-1.952659266767127,-2.011155722297631,2.5690341276921496,-291.584154817655,-95.55138444709074,-77.13744946017411,0.21665859372473203,-1.593585398439827,-0.2590995782462416,15.865920235659157,-107.56948801902303,210.61228959736104,0.04865902379763359,-1.099416181283583,0.062004572970143224,8.340895269414506,22.688240910219573,14.599944655601977
0.19024560920817915,-1.04886325036341,-0.4467993667223953,-34.24791305215957,95.02269201649032,-78.23052285423222,-0.06306677555876654,-0.5448383651802057,0.7841950801174976,0.16417131938972024,-25.714936868520777,-10.983869868622577,0.6558502254743702,-1.00944759539126,-0.5758960166467165,-53.1029079439615,36.54034233237104,-153.48856622812116,-0.9033071133993026,0.8981064688320722,-0.5481409116497222,-39.05744661360902,54.79315653783299,-100.95285312936278,-1.777230388164483,-1.9710938630651966,2.5230077233940102,-169.42670162089192,-135.9233816919533,-55.12654166137755,0.2125943711922812,-1.6713003366074282,-0.2503461498523371,15.931433500693403,-101.13397748720696,209.605810370628,0.07626113801074536,-1.0712928732246336,0.05414381699011365,7.790393196227389,19.377571991849084,10.63497148657685
0.0994976062102668,-1.085526759177093,-0.38103250531614663,-31.13850457441424,85.36431530037075,-75.69116240570159,-0.05214924600763487,-0.5358078783264827,0.7875145528942824,-1.1386867587348244,-23.53791722133172,-9.911696522794482,0.5432674717931214,-1.1819522310508135,-0.5484546184142309,-54.57102770697024,42.44921004337205,-149.41163874775532,-0.8926686981864762,0.8555258847736583,-0.4963898179401732,-36.49264813284549,68.0760252402142,-78.30477589725876,-1.4663479576760288,-1.7575013066248242,2.4744069814222875,-47.337364098963995,-163.62529857606197,-34.215366848632044,0.1985099729684908,-1.7294428642380184,-0.24494999111176638,17.525767151676288,-93.68953938586566,206.86182042186587,0.10090798609417025,-1.0484954608480972,0.045405325532079724,7.190876783456073,15.749324421861404,6.227344281858786
0.027419550978832516,-1.108737496379369,-0.3202515202024434,-28.739757904823072,71.93519233911206,-73.18221027822632,-0.03864519747179767,-0.5299736359415523,0.7918806051902426,-2.9235913213566063,-21.342412461696004,-8.761632643876725,0.42214708685219393,-1.3299708745207197,-0.520887529291823,-52.65291867332838,43.75932410948493,-140.39117349840024,-0.8754728681761973,0.7964549385965922,-0.4270490168218772,-33.49640312581657,79.0772790078856,-54.537751637542115,-1.0749073481256717,-1.3927550273050806,2.4130764091329002,62.73309039383894,-172.83226839597268,-17.414433634212077,0.1779396955362293,-1.763259747794058,-0.241732020450881,21.048248385143147,-86.07502060121202,202.71989490952294,0.12193881186728867,-1.0301049232313102,0.03598996524786595,6.6781212753570545,12.265666740194234,1.5748415729753578
-0.021051549759892135,-1.1188992957845494,-0.26927950062680744,-27.125471019446532,55.623867061240624,-70.31130524499957,-0.023898679926240354,-0.5268899718776241,0.7958288875314484,-5.04462672250182,-19.082687369563793,-7.481398957007016,0.3040824883694875,-1.433755788412741,-0.4906318845844594,-47.41528692207798,41.608042958444315,-128.0636530267019,-0.8564462373530685,0.7166492562742531,-0.3504724251184113,-29.86788530861756,86.8114791160074,-29.558146566415754,-0.6696740884263057,-0.9641654610969268,2.319539421901629,152.5957758306871,-162.3786099842638,-6.608714830791808,0.155197788481372,-1.7704249470267153,-0.2387046490145107,26.578513798872265,-79.05741628935155,197.48916473760096,0.13864212233938703,-1.0151121638633618,0.02645050906429199,6.343496091686747,9.272342240925932,-3.1110312787476397
-0.04483150180596705,-1.1193706281967322,-0.23187242798940266,-26.325813124059447,37.72981810842644,-66.88283094656808,-0.009490330440067779,-0.5260796947728591,0.7986152173223664,-7.343601750530003,-16.731066822595924,-6.0258537052537395,0.20168713970098337,-1.48199624641662,-0.4573241481130867,-39.41966490068659,37.827990601296435,-114.47173856754625,-0.8387084261797226,0.6253718868226886,-0.2768099546242803,-25.67427570025952,90.5356845216604,-2.630709623033251,-0.313895199785216,-0.5775363021725035,2.1927920877639577,221.0972500156844,-134.77507118644073,-2.115667249682947,0.1361529943138707,-1.75185283513264,-0.2336314153453061,34.017567508471885,-73.45544520241121,191.6900363019376,0.1506681944159863,-1.002673005597619,0.017294926722762498,6.290245713863473,6.983159436443574,-7.706507046677314
-0.04644731948249768,-1.113223007533278,-0.2095526854735991,-26.274764884350624,19.796829861828698,-62.91446890632397,0.0030021995467434366,-0.526449309830375,0.7991906786512603,-9.656570959764558,-14.322044667862462,-4.409959620776275,0.12481555603535092,-1.471854792629715,-0.42262694805875717,-29.753216623682217,34.248175408982554,-101.45515720237414,-0.8271258421879802,0.5357663458293049,-0.21403934344793346,-21.307248904476694,90.04756944813623,26.32698651017018,-0.05262140414573868,-0.30884018541409036,2.0454084370011913,271.1871708861836,-94.94301397916995,-2.8383755266817654,0.12613606008546957,-1.7088504129073498,-0.22447179893109248,42.897125503462036,-69.83966239729301,185.70746153164666,0.15762444398009068,-0.9909304099466528,0.009010726491213325,6.590460016929886,5.475806437504909,-12.087407911578456
-0.0314919173869511,-1.103626357816256,-0.20263117560156094,-26.83036312252572,3.2534410128195668,-58.675209648789995,0.012168597010756198,-0.5274838624107003,0.7976575911773932,-11.878200009379766,-11.925070700935807,-2.6872168402775167,0.07782883592731377,-1.4097756112430406,-0.3901939225458073,-19.936644182535495,32.382106316020106,-90.5478683997149,-0.8324349051877652,0.456817790697637,-0.16981960912936755,-17.30841816685853,85.81024411994883,56.83436887018138,0.0926292443102874,-0.17949639700838957,1.8918692560483579,308.11381986683466,-48.83880301617078,-6.892118965151761,0.1295935115126136,-1.6444608414451516,-0.2095225145642324,52.619759588928105,-68.59432805518102,180.05368549455798,0.15931774909826693,-0.9786154607336054,0.002055939479130786,7.289103366896423,4.734544643410609,-16.172733693077763
-0.008418998014117867,-1.0917094973411317,-0.2098698804685767,-27.69525711099605,-10.858693385939137,-54.44416660780813,0.016818251773902185,-0.5282207245465969,0.7937232367292565,-13.935496131833988,-9.575586967930615,-0.9158614517126249,0.05841790842378092,-1.3090422925925533,-0.3637516669136275,-11.621817924023386,33.24843691694729,-82.76392471674862,-0.8645360083628337,0.3905477107539159,-0.1499878002140392,-14.071296779639145,78.5708647139788,88.09536375190645,0.12399944483086198,-0.16421771113663056,1.7396994825481444,337.6260077411588,-2.697307803136054,-12.136226174688842,0.14890066504837007,-1.5616066405952855,-0.18750702996966156,62.45530180821202,-69.69732194731948,175.01909558262,0.15597181521224002,-0.9635343135896833,-0.0032807593990378157,8.361040208949852,4.632748217914717,-19.90796426360613
0.015026174095571249,-1.0781691063293195,-0.2303917068883451,-28.600943835631245,-21.806231732765262,-50.6191783676932,0.016204291234752782,-0.5285697773610867,0.7881131818954713,-15.77307962090822,-7.37541182650857,0.7952899911350597,0.060829737016434404,-1.1879125350418922,-0.34729154797913253,-6.196747951115968,37.161761784712965,-78.70012436373727,-0.9256746113617118,0.3372290820078565,-0.15699642133586564,-11.785197626946523,68.8845023252201,118.67797003375478,0.05864121333778421,-0.21980326648016013,1.5937058235194297,362.85811033175275,37.96218320469304,-16.959797453184052,0.18426024875037553,-1.4657190331364691,-0.158866160065323,71.63877124086652,-72.9527118000588,171.0111456494497,0.14814668824274063,-0.9455352877678574,-0.00680525783772062,9.711001628434417,5.008648573211847,-23.1750057711993
0.03281066481753979,-1.0630488266926796,-0.2623689158419474,-29.26479170497505,-29.48557374866545,-47.37623140619794,0.010469740046342468,-0.5284452714732396,0.7813130425128966,-17.385900461822853,-5.368975240092547,2.361879488097934,0.07480795163549267,-1.0657453458793034,-0.3421375372936193,-4.350570441826984,44.02134082693463,-78.28994756828925,-1.005795452947815,0.29483427071986884,-0.1868330873795605,-10.321481804636692,56.83111538812733,148.0199744202251,-0.0735125768541684,-0.30307801059808015,1.4506460058744297,386.4288466695753,69.32697332614191,-20.055191616063105,0.23456095938124533,-1.3613054957517636,-0.12497392909029312,79.56927429431472,-77.86754740080131,168.17560135134465,0.13679424985441554,-0.9243014882518077,-0.008846115690429208,11.184650230564737,5.640352143106716,-25.91924696482814
0.0431136747661626,-1.046607614937997,-0.3032899496189433,-29.527285327406766,-34.03581560850529,-44.82614569161358,0.0005030957932244481,-0.5280203774244965,0.7739004569689754,-18.748903947383745,-3.6299353896958615,3.689347271909478,0.09034371804794378,-0.9599338949978082,-0.3472303774590961,-5.951907828922253,53.15342503630897,-80.94667536306834,-1.085498880250603,0.2637764001963537,-0.23086723955287664,-9.476056833105822,42.46029103965655,175.2322875951377,-0.23976327927607732,-0.38515431919703225,1.3092125755511228,408.19440936411894,89.40394316971823,-20.794238336543884,0.2959579302169046,-1.254036060613396,-0.08859316890291288,85.71551913765353,-83.82238406923508,166.5576911523103,0.12303733257713999,-0.9007901523644906,-0.00989993671958023,12.594636512749195,6.3388864941338126,-28.042162558435443
0.04780816426814566,-1.030436278570496,-0.35020109271848204,-29.31076662868053,-35.805307623738365,-42.964453670379754,-0.012608816922826555,-0.5276498303455938,0.7666782944120352,-19.87099264986348,-2.2088374230088115,4.709863887771515,0.09608557572205001,-0.8845465977296265,-0.36026617673385863,-10.130680214956525,63.56775803547651,-85.68256518280657,-1.142788635987848,0.24510172288330012,-0.27618717313966834,-9.13095988841646,26.014149181700272,200.30178375485542,-0.40541415222859967,-0.450138439534423,1.1691619029500264,427.8337479278645,98.01097839661972,-18.713440208494198,0.3637736510409949,-1.1482893979805209,-0.05288803274989417,89.75955817654288,-90.12112820782693,166.07845944004458,0.10801026855727461,-0.876447795555575,-0.010788369954278882,13.758173418129129,6.975454747362323,-29.519119050535664
0.05104151184646355,-1.015828329356475,-0.39933055269536033,-28.614927674671986,-35.134658496665274,-41.719672541768375,-0.027595217212248058,-0.5273490030237924,0.7597177022464355,-20.740377433874187,-1.1695512798519156,5.36409387067953,0.08402404355112651,-0.8458052365090031,-0.3788426081685189,-15.604958676042264,73.99703724517231,-91.29871960795272,-1.161101607183061,0.23862658538705867,-0.30951815932408705,-9.317476395593971,8.310142076758211,222.9203765099971,-0.5422954709544219,-0.4939955566775863,1.0336668126781685,443.9159163181664,96.3210714338527,-13.740371279440152,0.4324699933299142,-1.0477838967854445,-0.02096734747439998,91.52935336523247,-96.0397027518788,166.43074192829144,0.09272270743771106,-0.8523099858795571,-0.012216082654825268,14.523247528196443,7.503266916645762,-30.327952475340755
0.05739990486088836,-1.0046236053555961,-0.44707520466881856,-27.503379407744426,-32.219404625456676,-40.98683201750797,-0.04300457198190508,-0.5277293967760982,0.7536125577482491,-21.379383482700067,-0.5734437617623854,5.605630307636807,0.049637186691850146,-0.8415683529675319,-0.40204260591715474,-21.112794715261877,83.19483762807887,-96.7868954540943,-1.1345587754438826,0.24141389268209673,-0.3208724385387899,-10.177762531924346,-9.393266455315965,243.380928264077,-0.631891775786314,-0.5203463654739608,0.9076900907262314,455.563782245249,86.57618965912823,-5.980820912206054,0.498225470245045,-0.9552348533146072,0.004553384628495433,91.12469356261984,-100.93535165394881,167.3358496457245,0.07795792230318184,-0.8296314561538635,-0.014797038909555341,14.804396056061643,7.97239853977871,-30.509074121207963
0.07019379967400587,-0.9970287023013188,-0.48955543163761805,-26.050220638710837,-27.171479576176438,-40.561969429836296,-0.05718526310740062,-0.5287568965080787,0.748367886784355,-21.79640237675645,-0.44138137629068946,5.419114997593097,-0.007390235941643387,-0.8613156718272422,-0.4287553751291241,-25.647172245359307,89.98985864832655,-101.30468017152654,-1.0663383948613063,0.24813598176142138,-0.3057041369921239,-11.781973977255973,-25.59579259427077,262.03682507784276,-0.6654209250968776,-0.5347736462203044,0.7952903038702426,462.0897791176977,71.65325908606508,4.18246686739622,0.5578544957417134,-0.8711274491972335,0.021700027964417994,88.78685533503985,-104.14511089123111,168.31063773290634,0.06419377757416368,-0.8085667895561641,-0.018790513366996525,14.576054462630632,8.475424625703534,-30.12430395678525
0.09024557891831339,-0.9934568493415332,-0.5229806068799934,-24.368558744821716,-19.957768620969922,-40.27554722432267,-0.06868549690410174,-0.5305135532197,0.7447046582421017,-22.0101574981785,-0.76383813896391,4.820689957591052,-0.08305059179706892,-0.8919933764440634,-0.457499035434927,-28.68492702818946,93.46526449127046,-104.4727483806233,-0.9677475649443902,0.2542726481328173,-0.26632541204856064,-14.06566628151374,-38.67690793346424,279.1266943022737,-0.6437414084910424,-0.5436838090240049,0.703017371043564,463.29174003194447,54.430103438879705,16.034765269097395,0.6087423515313389,-0.796784211075797,0.028659767459671696,84.87141079199786,-105.13274870210635,169.04348677205638,0.05186898439729466,-0.7900082862747638,-0.024043210041275236,13.882122043760484,9.116248975497044,-29.25643183218428
0.11523070416819166,-0.9930539859859074,-0.5434322460435614,-22.549922557760947,-10.521085828572952,-39.89639351871674,-0.07647145702077585,-0.5326771140845846,0.7426174036253377,-22.077256228661447,-1.4626300245134567,3.867148882500248,-0.17088208599862087,-0.919142267198865,-0.48548747939829784,-30.117750194495425,92.96962350265439,-106.19351036220957,-0.8536927164645375,0.25693353975462146,-0.21044145369482362,-16.77321785807188,-47.38158253612144,295.0920566802382,-0.573999319238223,-0.552599918035623,0.6349110448882914,459.3405773414546,37.8507440675725,28.6279335083748,0.6490696000474785,-0.730456245455629,0.024324041731254867,79.71547271301554,-103.32227396385908,169.09334806116996,0.0410955826682434,-0.7738972873879423,-0.030314431075905226,12.815494479643332,9.959245592915067,-28.00815386938092
0.14039797666757017,-0.9953713743801056,-0.5481123671985574,-20.703534978265118,1.0417222332333127,-39.30041155258303,-0.07994187573648948,-0.5350923798163549,0.742124228174116,-22.0581843357568,-2.440899441474231,2.6384314386242935,-0.26228269926704545,-0.9332912269043647,-0.5097695095461173,-30.191159471355785,88.3572548355978,-106.7084110169174,-0.7399811281297097,0.25692313886470813,-0.1488482855780377,-19.55794596865436,-50.93998287172665,309.8977176231256,-0.46787383631243523,-0.5655718806828177,0.5957286559495563,450.7972201965036,24.07692027300624,40.83678825713642,0.6775013381852426,-0.6718042134882181,0.008422706567070034,73.65460902318931,-98.4243446986036,168.25268217086543,0.03212250829916272,-0.7606521752962808,-0.03728679988558166,11.507779236548435,11.001262079753648,-26.490554572934162
0.15850105052411717,-1.0002274632496684,-0.5365328460147345,-18.907767575107133,14.409549693287447,-38.46641814591124,-0.07923731169286369,-0.5376580436084675,0.7429728257368075,-22.032681647262606,-3.585590523303602,1.2214015567538532,-0.3493576453449104,-0.9297134825863069,-0.5277388405150575,-29.339169120314004,79.90528251894924,-106.47708752778516,-0.640301836435279,0.257744403712592,-0.09214584023558754,-22.151775709752048,-49.341409427713046,323.97945485469535,-0.33836933428288335,-0.588124775724005,0.5864923872446005,438.6813829143811,14.66457846075765,51.72630267791435,0.6945040099097103,-0.6181836855457328,-0.01801196224176031,66.88269444501577,-90.15671839638384,166.35207238965145,0.024853894622824568,-0.7502743577030766,-0.044872257405475964,10.093518948593893,12.172643093661634,-24.82058113210698
0.161747069610385,-1.0070789089971313,-0.5103300844070158,-17.231320334955722,28.745872961546382,-37.49093104656776,-0.07501917917409565,-0.5401080519779852,0.7443897415099003,-22.035987339540117,-4.776195946496765,-0.2764094923994887,-0.42430472201448993,-0.909196522886235,-0.5372495917104786,-27.9916463348228,68.40718480524333,-105.9385487619577,-0.5652545497392232,0.2634657442402495,-0.04887307101823409,-24.365365165919975,-43.15303548407147,337.1062761321067,-0.1990966497764118,-0.6233160112741749,0.6055728623947005,424.1081279954286,10.28613678659483,60.44118111869663,0.70072341469476,-0.5682907230747843,-0.0524900369409637,59.608820706334384,-78.61775712300631,163.34202887872848,0.019199552721610322,-0.7424505226927574,-0.052783944649558046,8.701945806397072,13.32427153066541,-23.111435726093227
0.1425391202532075,-1.016235931588273,-0.4732764641844057,-15.754856694098555,42.86559420820399,-36.627591508634424,-0.06839692770561519,-0.542854647000405,0.7462957469776554,-22.091762962335245,-5.924787953181582,-1.7591962964421628,-0.4811447289748451,-0.8770050468113512,-0.5373622803755611,-26.54454928343637,54.873288998034546,-105.53844998475962,-0.5223152834380714,0.27733692304478763,-0.024396616405661885,-26.221519544402963,-33.31072210841256,349.44079929440545,-0.06309955703493776,-0.6756732439196399,0.6488477924544358,408.5979899173217,11.058512796941267,66.49526645085507,0.6978848218790271,-0.5207559893539313,-0.09166885126364643,51.95711361867758,-63.962505586357665,159.29137299684464,0.014808863481251683,-0.7372875601651642,-0.060700715545508384,7.433224794729015,14.275041152358646,-21.470810033988748
0.0968790273501641,-1.0269064082661903,-0.4299962430546758,-14.550343632856583,55.385769956269854,-36.12559607840851,-0.06070809889505345,-0.5456662703175795,0.7481479281355038,-22.183154208325472,-6.966473945860327,-3.134839273036653,-0.5160132512271666,-0.839536816859101,-0.5277890522780363,-25.265936956766637,40.37255343669617,-105.43896838329397,-0.5128608067130754,0.2992908101798737,-0.0195734494090448,-27.825285540079356,-20.992438887594062,360.8109879259415,0.05832908881103705,-0.7472272670173699,0.7088834030647762,393.2622858484468,16.46321039176136,69.72007407268218,0.6875852497406987,-0.4741948802768678,-0.13171459955903717,43.99474640540145,-46.567627301484194,154.21218931672968,0.01128822741287484,-0.7341114418897038,-0.06822166123108855,6.3408899161086785,14.849990684967251,-19.96377843799144
0.02547111432674799,-1.0386869474186164,-0.3859198344323661,-13.718683450848095,64.92184918483511,-36.2572855214746,-0.05337103095995625,-0.5484887036402553,0.7501280728707881,-22.314484042129514,-7.8496360312989895,-4.328776832577648,-0.5276104844868393,-0.8040284711941307,-0.5095062727974351,-24.383249706192704,25.928033364376375,-105.65597868273822,-0.5334057157568063,0.3268526287221166,-0.0312939597478863,-29.351194926336685,-7.4233824089484886,371.2816243883572,0.15541760769421561,-0.8389302132410867,0.7771187040402894,379.3092772258669,25.589052459889675,70.31115585404203,0.671876827842758,-0.42866451743462547,-0.1685347507226079,35.83880313191011,-27.088568415691796,148.25535950869218,0.00828099933834846,-0.7329711319787711,-0.0749787133071921,5.44541517132517,14.92284015708258,-18.650211337163306
-0.06624202832483153,-1.0495278217301272,-0.34596274024759327,-13.32533558668959,70.34950558849808,-37.19922433452017,-0.04756178737624712,-0.5506672253639648,0.7517576388153059,-22.48535503589881,-8.533259086745506,-5.3069011047068715,-0.517228096594589,-0.7756911634168138,-0.48416153086333236,-24.11229819309168,12.3210383761439,-105.96013238984416,-0.5749795628431024,0.3564354682760319,-0.053665113600642356,-30.997029313436084,6.183085750680548,380.8149746218681,0.2208437979933126,-0.9499509683689281,0.8428554929188078,367.2127835312577,37.09762896758954,68.82501426773716,0.6522587541238732,-0.3838456978932443,-0.19775976766448822,27.546783701914656,-6.32233877932907,141.39129564022357,0.005245362509461248,-0.7332049149955514,-0.0805993656814568,4.719495782236277,14.424988839194372,-17.536002136207816
-0.16878159826899106,-1.0576510511921549,-0.3142431462628476,-13.429817431318343,70.94848581472216,-39.035506319286725,-0.043943231223248995,-0.5520886286057107,0.7531449316704222,-22.7297573591962,-9.001238113138374,-6.061090071352446,-0.48774789309574046,-0.7582269096208814,-0.45437605695029976,-24.617132286800302,0.22443879130809677,-106.13690544635857,-0.6282517445853979,0.385118940443276,-0.08108498976372562,-32.93877970381353,18.78068319365988,389.39518053039563,0.25034113916527984,-1.0770935777014616,0.8977940392932469,357.4978633361932,49.63907994776227,65.95447109239578,0.6300080369671851,-0.3416842005819758,-0.2155509177363932,19.391565751308978,14.55947896643492,133.78868165916026,0.001883263641402539,-0.7349608459714582,-0.08477974178479811,4.136733938992659,13.378536067273853,-16.643747314003335
-0.2704866223221397,-1.061116511617155,-0.29295776108877963,-14.023022074474017,66.6222466798432,-41.772954145125446,-0.04246379486133709,-0.5530421711817733,0.7539832515103705,-23.106230678683634,-9.275334072970482,-6.639524565291811,-0.44296087772050496,-0.7529515708747785,-0.4227487334849993,-25.967423009842943,-10.08686684815479,-105.97479109198488,-0.684612897678075,0.4118742426800632,-0.1090324928856911,-35.41628194808124,29.744692351828093,397.117619148488,0.24379211069352894,-1.2188231510173844,0.9349698134187533,349.9858994537798,61.832781211760626,62.74397648726629,0.604942519573923,-0.30337360672008723,-0.21917589600712656,11.523203437166218,34.60852459256595,125.35749345919899,-0.002276199564625766,-0.738061685861353,-0.0874268432229545,3.6434916259535677,11.883127619528548,-15.938669304376438
-0.3582929346596764,-1.058614366759025,-0.28278148258963587,-15.026774208691737,57.85749909750453,-45.25635593400072,-0.04240346648831993,-0.5540299495710176,0.7537316512712244,-23.62898207245977,-9.378482408860682,-7.074783103926082,-0.3872676744664967,-0.7591300274368638,-0.39203852971303094,-28.028137696697552,-18.347332482025703,-105.33378725299124,-0.7382531261024262,0.4360233985161458,-0.1341733371251969,-38.49856512289256,38.63523435893085,403.69594135761434,0.20421946696970691,-1.3697090622479853,0.9503211990696185,344.36788253155254,72.4883373376179,60.13654377253464,0.57684463290848,-0.27094631519615087,-0.20747830143338405,4.2890034668259345,52.62488536251883,116.19172316928092,-0.0074387288984702335,-0.7421189021306946,-0.08839944291188169,3.211145674281741,10.113510453168464,-15.392235007453724
-0.420366811161716,-1.051261957738314,-0.28296581571158225,-16.33519083052012,45.70190878759161,-49.371708186415134,-0.04288912620787985,-0.5559296931575225,0.7526584238556133,-24.303595722278278,-9.350081910903736,-7.409048277624487,-0.32473965769906427,-0.7756614826603201,-0.3650069369654689,-30.562886581865087,-24.47322709370463,-104.2076572978546,-0.7870234156562353,0.4589533232049642,-0.1545158266965888,-42.24801563171315,45.45059728899248,409.17023038396894,0.1354267579799919,-1.5273149743440615,0.9411281266764621,340.2883642110827,80.5774232259198,59.29482449825541,0.5443922617247521,-0.24613602719575964,-0.1812095307560284,-2.0501267487855204,67.69076606667436,106.31483910452597,-0.013988980240338119,-0.747414153059367,-0.0877091877812615,2.820819198468308,8.292490508964066,-14.944431695803495
-0.44878199146477943,-1.0407924705315441,-0.291016565798978,-17.798096179393934,31.60784377827519,-53.89559852825047,-0.043432132551553974,-0.5583839277987164,0.7506983171893922,-25.07274815960707,-9.220170197337923,-7.660645891780029,-0.2590013046956831,-0.7996027443984025,-0.34345738273210463,-33.238080421129695,-28.459769732366997,-102.5857584330723,-0.8299622172311159,0.48208962017790213,-0.16954998250795122,-46.536324892804394,50.305919432514834,413.1673073317848,0.04248141086663382,-1.6850743094051892,0.9062773245300231,337.082040850292,85.34749811305238,60.99354893923173,0.5063073849240719,-0.22982219618386623,-0.1432553192510374,-7.256421175174145,79.07137975952074,95.8372783062004,-0.022098442072178173,-0.7534733402755275,-0.08548358798282162,2.4740017309971702,6.642291380468803,-14.520225865342812
-0.4408547727544569,-1.0306190283426857,-0.3038249057243934,-19.282135613106853,17.322662953752612,-58.62787528785175,-0.04400504507809759,-0.5611898359869207,0.7485813666525502,-25.925168492204506,-9.021971156115839,-7.851078172147964,-0.1930493069449938,-0.8281925514294688,-0.32848349701556895,-35.77643241265533,-30.369371614433202,-100.57201048821594,-0.8670587376990091,0.5076024868205501,-0.18035474781889527,-51.18793362685529,53.525878839759876,415.6039040333289,-0.06929902484872036,-1.8376202276943163,0.846377115261888,334.23530243803464,86.22473525423274,65.84498705593958,0.4611100266923537,-0.22254491897137593,-0.09842667139766091,-11.21110242102096,86.37027787620214,84.95317855982618,-0.031782687243781395,-0.760360692527632,-0.08218463461647088,2.194969857700731,5.353473159414808,-14.04045951095275
-0.39946209096612145,-1.022985381232656,-0.3177922507321202,-20.653960684329178,4.632341356680088,-63.291507283790956,-0.0445751403221395,-0.5638905540191907,0.7463033743244069,-26.866251488469736,-8.785253507987264,-8.006387616292935,-0.12913090555185078,-0.8577956765134903,-0.31964850210175955,-37.9506109403001,-30.37495251266785,-98.20487632637082,-0.8969593810637959,0.5368011124945663,-0.18841009266887213,-55.92925277629999,55.593363994824664,416.1407684707136,-0.19328232543378482,-1.9798160873441348,0.7635349924234051,330.8044103264352,82.78598047188909,74.07834589695592,0.40665391622184616,-0.2238033287533842,-0.052772970606018474,-13.981694107071219,89.56710876398597,73.7651644252518,-0.04277000434205557,-0.767357957279257,-0.0784139874156899,2.011146915308689,4.535157002566265,-13.405977486401989
-0.3314866027914886,-1.0197363975673306,-0.3305825260076177,-21.841828538319398,-4.974461500786853,-67.62906484016086,-0.04511726647635745,-0.5666930454276761,0.744262591771906,-27.912320438857407,-8.53189772112899,-8.157821133332083,-0.06939708587873193,-0.8861366375329648,-0.31634695190320467,-39.65368673129664,-28.58854377788277,-95.62427769665686,-0.9181158388617878,0.57023622176002,-0.1946583262779903,-60.47575986674317,57.039735502382904,414.8071590242845,-0.32261425062875787,-2.1099574369722167,0.6623056815502766,326.34780382256474,74.85439396108299,85.60144355508416,0.3417757759680297,-0.2333245718116172,-0.012422052793682182,-15.694651757758374,88.82898396142902,62.566302985936346,-0.05450513679283951,-0.7743175544107688,-0.0748382618082861,1.9471860770268432,4.216839059374959,-12.564626115984295
-0.24649136025603025,-1.0206565290496523,-0.3405035706790786,-22.846896564835692,-10.572270072943061,-71.46372544991435,-0.04558056553485529,-0.5696289827273074,0.7422712058523444,-29.05924585374586,-8.270315729525636,-8.36196746000531,-0.014428619080094341,-0.9114644578261129,-0.31729603163781456,-40.85745215145094,-25.134196995639474,-92.85804938754312,-0.9289656652638194,0.608384400349326,-0.19968910064635137,-64.58415786799709,58.76423657077794,411.4553584178307,-0.45078171178736626,-2.233464304604456,0.5457467717198838,320.24211516765564,62.41400029126672,100.14870185248105,0.26369730363117194,-0.2506037322951095,0.017709737162522613,-16.676965286947542,84.66136240062201,51.28852530669336,-0.06643157667008621,-0.7808889933229952,-0.07207028306016908,1.9834364635140591,4.3200032225051475,-11.46864860060887
-0.15515941714441758,-1.0244263590311806,-0.3470711601251355,-23.701331666813896,-11.812289842246457,-74.62424510852311,-0.04603182055604268,-0.5726994787806106,0.7401450375973128,-30.253783114237844,-8.022355860641945,-8.669545434983945,0.0348297226850944,-0.9326887338454797,-0.3213949197085098,-41.57434345473202,-20.11589507324662,-89.9785405595129,-0.9278704460531964,0.6503103314648386,-0.20335630402388208,-68.00691304976924,61.553455912650314,406.123695306052,-0.5704328647515989,-2.35503294122238,0.41861602819042226,312.4459587356138,45.90066220553676,117.02322301486869,0.17249627829025896,-0.2752055226060846,0.03450957553294571,-17.20283008924756,77.6572012084479,40.08313104435557,-0.0777594772962368,-0.786928007286419,-0.07046783148354281,2.076249056800985,4.714961915142477,-10.145212803662123
-0.06806679875377539,-1.0292263849247665,-0.3505935571920857,-24.489159907166915,-8.866760023048132,-77.11149800823718,-0.04631419341159703,-0.576129705170867,0.7382804456681754,-31.46348758813564,-7.82619705954305,-9.138960758365508,0.07785735819464903,-0.9497834872660887,-0.32774132038681353,-41.84830454609811,-13.55729910768596,-87.03781587667534,-0.914966844659185,0.695533334548968,-0.20664688590215516,-70.54377222276028,66.41584569924338,398.7737878538018,-0.6730796403613577,-2.483138529435035,0.28237246696092644,303.1562660140324,26.05832553171747,135.3945508065931,0.06805144454726006,-0.30741327708836846,0.037306332646624286,-17.535780032456934,68.53255381396723,28.81993441352376,-0.08785146722605758,-0.7930247824296238,-0.07032141064593059,2.1527467894346852,5.248756753117785,-8.654617626612472
0.005750646291621615,-1.032173160917945,-0.35167743979125166,-25.24856061573227,-2.39464496662198,-78.91479673885216,-0.045948339002801784,-0.5795859929229843,0.7369000693952192,-32.603642701980824,-7.710413431030578,-9.785896538140468,0.11314119341081105,-0.9623642708892907,-0.33549097234003616,-41.70205508425924,-5.602942226158671,-84.08322540859706,-0.8907360116336914,0.7420603282004151,-0.21059177414360294,-71.97417376051476,73.95534301670067,389.2738005280588,-0.7487466759987128,-2.619035718367225,0.14006926634623532,292.8284550976619,4.235282074762584,153.95813740231583,-0.0461791781737243,-0.34684313797291333,0.02788706798473914,-17.771521347005915,58.06375135005872,17.55856401775599,-0.09603754927789841,-0.799203928370462,-0.07170633749408202,2.152813920803433,5.790018618358187,-7.105834030947513
0.0601784747446423,-1.031866461492816,-0.3511094063462603,-26.03358892335732,6.757745449615314,-80.20497873264291,-0.04452817902610515,-0.5827264273963668,0.737000254068507,-33.65170347066423,-7.681352614206376,-10.606487078129527,0.13850318638634546,-0.9712344370342815,-0.3445537776717636,-41.17058162562735,3.6221995378777407,-81.20915242284613,-0.8592079986926449,0.7886925970053984,-0.2179592662108768,-72.12449673633546,84.52436672086414,377.4694672145625,-0.7870232985848773,-2.7635702605021635,-0.00908958042453236,282.07542960249214,-17.97635026140347,171.4276092283027,-0.16685953585149435,-0.3929466722697295,0.009818285965256926,-17.871026388568186,46.95983281656769,6.2666009582651165,-0.10198730939814458,-0.8061150110558949,-0.07478378284002148,2.0379725216930726,6.260114606664527,-5.612138516182277
0.09264829731560673,-1.027491704292152,-0.3490591424639772,-26.862868695582314,17.572948170687255,-81.15259356233709,-0.04209751938711045,-0.5846411435481573,0.7387277324299354,-34.584243771866696,-7.707625922139324,-11.553480615635067,0.1516915290119315,-0.976646690153438,-0.3548170835786747,-40.25508173344697,13.853618838348225,-78.44458358939353,-0.8263584704365758,0.8336644317991412,-0.23214456062807354,-70.84880990259553,97.84028122699205,362.90075778948625,-0.779118788065973,-2.911822817824695,-0.16685391987777393,271.19725770761886,-38.81332707215945,186.45224513585262,-0.2899339695286769,-0.4435377534015,-0.012323210309368704,-17.67951317823543,35.85565930563535,-5.037505644658655,-0.10561765957750649,-0.8134877480734367,-0.07953703258223034,1.7977071670599032,6.622494311208158,-4.268393775770547
0.10339776267083599,-1.0210903853330702,-0.34538086494640213,-27.755795146272238,29.014739422287274,-81.98139631170034,-0.03884537999880972,-0.5852032245061388,0.7427900589994823,-35.44196729614097,-7.760583167622904,-12.558695763987338,0.15046633897355158,-0.9793326162565,-0.3665255172352712,-38.96469470491677,24.671829411037436,-75.91126948711997,-0.8017350417538481,0.8752194267387781,-0.2572127968452135,-68.12361941291631,112.95853850736592,345.50628403451867,-0.7191665446726827,-3.05706391783207,-0.33387215076744353,260.6454528977227,-56.41500698727211,197.76750749339635,-0.4102999830766473,-0.4953352817761706,-0.034242186741814076,-16.982712396398387,25.347192146156043,-16.102845054981444,-0.10706696032897602,-0.8214779068779694,-0.08600844376832752,1.4328832408507393,6.88918626888809,-3.1633858821990817
0.09580134403529074,-1.015496580621182,-0.3392531644867479,-28.722092602383537,40.09783602227697,-82.90163294838209,-0.03477338330984726,-0.5840132083445286,0.7493158302643799,-36.36729325045902,-7.8069122878662425,-13.522675124660902,0.13385001918188696,-0.979241531822295,-0.3794421571678521,-37.26517266795928,35.677438424953365,-73.60232060091307,-0.7969600587752338,0.9107619117676631,-0.2970536766023499,-63.969708093358754,128.24699981555594,324.8255701334432,-0.6064569887429707,-3.191140986046612,-0.5130391361954976,250.2601875124842,-69.34421625634658,204.11420875962114,-0.5243533596652263,-0.5443073276479488,-0.05280482879375084,-15.619916002977725,15.701462004401916,-26.760801839283502,-0.10662555838351633,-0.8296652561011303,-0.09430546153891943,0.9271238897324036,7.093929768059753,-2.338074694757639
0.07450841283198124,-1.0142256825183278,-0.33006054603187723,-29.75274205976964,50.034449390321974,-84.06287107516638,-0.029865857016352717,-0.5812492815628238,0.7582419005640288,-37.56917096865385,-7.8107519588871845,-14.331117874299899,0.10227626661575058,-0.9764782055173913,-0.3931302644849434,-35.168652377454386,46.36658442438315,-71.56839112283572,-0.8231910951151363,0.9369216493475252,-0.35328381057159697,-58.584870172531616,141.6836495195282,301.14349545761263,-0.4480745745505085,-3.30569684442646,-0.7031434032366796,240.11991566573397,-76.6227677248337,204.50240825966196,-0.6279087457058798,-0.586358748757615,-0.06709531837181464,-13.577326800364776,7.067382989381331,-36.590068509083466,-0.10456611810990381,-0.8378307677010345,-0.1045306123251493,0.26853550309311525,7.289986726539389,-1.8117414825784122
0.04469938772759099,-1.02031048832877,-0.3172849210756629,-30.851902680531797,58.334784834824084,-85.65994215833217,-0.023490380307036703,-0.5771502605666887,0.7693496152436871,-39.346347339934304,-7.703963398422289,-14.864969212118526,0.05759582443743523,-0.971444185809012,-0.4069946779984961,-32.67494424175122,56.470520640279865,-69.7245403729325,-0.8888226837663696,0.9501046011725869,-0.42486596756930545,-52.120499127254206,150.81989829327642,274.454413333282,-0.2572068616221241,-3.392865618140885,-0.9067565696299825,229.59581895368242,-78.2006691494663,197.9050257000722,-0.7183885420581932,-0.6178678999122041,-0.07839318639630762,-11.083442148638056,-0.9167373165959184,-45.314786898272125,-0.10114074522304681,-0.845913677005248,-0.11660658301513041,-0.5701067596400219,7.519719579636439,-1.5567276737580946
0.01073528297647154,-1.03448118215767,-0.3009823160975521,-31.964440098186063,64.66376813723059,-87.71756874552108,-0.01496630138220307,-0.5717327239867843,0.7820887478527542,-41.80841099178126,-7.426257778100555,-15.014486251643207,0.0034105017867464933,-0.9641734205653494,-0.4200479754062381,-29.851874859415563,65.62854430116418,-67.97785114853367,-0.99400413338791,0.9466720273386772,-0.5058172650400506,-44.82439262775802,153.37656687112226,245.5108933870967,-0.05404428461198949,-3.442509564084517,-1.1214850845801587,218.18926486820348,-74.68445083073838,183.6977792998882,-0.7916561806458818,-0.6352776049595767,-0.08887590491907003,-8.529297329883068,-8.603582957340098,-52.45357076697713,-0.09647047917017565,-0.8532063198341947,-0.12977352705849576,-1.5778073389517766,7.803471285218967,-1.5275600670914218
-0.024966512669889106,-1.0571154935674896,-0.281677595917857,-33.07008430281,68.97164063341596,-90.38798015156881,-0.0044404482784320895,-0.5656087717248263,0.7970392544238789,-45.18910469232986,-6.906152389167025,-14.678876238414176,-0.05699395382553998,-0.9560331584312487,-0.4314995274006077,-26.776372520253418,73.72109704871042,-66.20068058453667,-1.131398815884576,0.9259763312272509,-0.5871220092310713,-36.774857841693375,147.47145121940875,214.93002040531937,0.14225650264344344,-3.447942408735995,-1.3483738646214907,204.7112220990794,-67.44196665645342,161.40970999472736,-0.8442443236039521,-0.6363095581432783,-0.10123160428985477,-6.4712370475392476,-16.629870179823634,-57.74165331687916,-0.09083163925604255,-0.8601633518211865,-0.14302953269658528,-2.7550497284939612,8.109396711680338,-1.6861914867714083
-0.06136502942741511,-1.0859130069685832,-0.26022577290438303,-34.107587690873295,71.31515122184767,-93.65865526825031,0.006911986894142541,-0.5588247624353155,0.8136928329432046,-49.58513507106811,-6.1000294183600765,-13.804265269303738,-0.12003436567767689,-0.9479074711418044,-0.43999913221108217,-23.549491552309085,80.59307234526041,-64.23535717626062,-1.2843675316968972,0.8894947019894122,-0.6583051946233699,-28.033389426744794,132.34345306229406,183.46557192634933,0.3169988434081219,-3.404027334264427,-1.5849012589686884,187.8140473470391,-58.25093255922082,131.31156647949004,-0.8725244638902753,-0.6195563915980086,-0.11735209780331007,-5.456641210612418,-25.447672605938468,-61.01528737230246,-0.08467610509814658,-0.8666713438312841,-0.15499366611384863,-4.071948922165987,8.35200697425318,-1.998700748109915
-0.09877614653594928,-1.1187172131953724,-0.2382715506470521,-35.0576430090972,71.8467546535444,-97.56307795221855,0.01737591286415994,-0.5522246974574515,0.8316104994503274,-55.107766755782066,-4.98460138026592,-12.41698805790092,-0.1824650582223398,-0.9420066388103568,-0.44421339873149396,-20.311349312481365,86.10633007585643,-61.99502850885611,-1.4309774691478554,0.8421756947306253,-0.7110316113496647,-18.709126445482383,108.47567198522262,152.0274505405819,0.46325819221649933,-3.312420423216626,-1.8241649573586043,166.18248447613308,-48.965357804789065,94.66412664414094,-0.8732314357353037,-0.5860222579515618,-0.13801850082076667,-6.015911868769958,-35.19074019221993,-62.31050307520627,-0.07874939249857894,-0.8737320117306587,-0.16451039131403378,-5.480294787855851,8.38891786883705,-2.4575698543606013
-0.13800779281022765,-1.1525294076217774,-0.21731829384729964,-35.9170760823213,70.77460126169159,-102.05700161944307,0.0254367112970471,-0.5471550135918236,0.8487042181294033,-61.77017902880773,-3.5721777618253077,-10.626165790501936,-0.24178436232312,-0.9399259875940871,-0.4426642614939821,-17.14574196756151,90.14993293970394,-59.32214241681038,-1.5472009974072702,0.7908097232264791,-0.7398539883911055,-8.897112690069681,77.40877295554384,120.84379573580256,0.5816803618088529,-3.1782819153471307,-2.053874122237369,138.33592903780334,-41.08725361935775,53.54592924892794,-0.8444055937838805,-0.5392320690978804,-0.16260071856087652,-8.513815585505563,-45.67817405861464,-61.93910037677444,-0.07364364776501794,-0.8818636215328729,-0.17079456632526951,-6.925135017094187,8.036192217282254,-3.0672267673293936
-0.17935510146346645,-1.1856218473685327,-0.19929335378609167,-36.730223953693184,68.30568526164072,-107.09986803981927,0.030507371818631408,-0.5453764358523806,0.8632899675518936,-69.40171924722,-1.9750635532496896,-8.634288718007237,-0.29577190824267113,-0.9435842348211915,-0.4348402934181629,-14.164555340017039,92.5992680731739,-56.210682874138335,-1.6149443912516648,0.7441921467422049,-0.7422599852373863,1.0609426703543703,41.74097496780374,90.50964296773483,0.6758435658229709,-3.0165474602728013,-2.255687911970115,104.00758709202844,-35.40456079520544,11.183795964878714,-0.7862635991606879,-0.48544978839819225,-0.18880459430175742,-13.031091117693515,-56.24770313638945,-60.378865725725845,-0.06978437292129423,-0.8920366535469038,-0.17363517698716535,-8.343897151231248,7.138149138696524,-3.847096588272285
-0.22293544919725491,-1.2173260220976319,-0.18554267610603598,-37.57972789893159,64.6932904744957,-112.71000066669187,0.03313628701171221,-0.545843312130434,0.8759013056413785,-77.99068534035685,-0.2787802583449179,-6.610144743677226,-0.3435773281345952,-0.9536540628205781,-0.4209106843797407,-11.362610987914751,93.4146829175795,-52.57484800920318,-1.6214142811616976,0.712975315435731,-0.7168213079579089,10.845711390826361,4.51631658801953,60.767007939030954,0.7515177576469729,-2.8433900486775334,-2.3998455519192903,63.37439921468257,-31.875057124235106,-28.66798328847512,-0.7007284688299801,-0.4343932610417146,-0.2125507611493778,-19.268164885338283,-66.14769482108242,-58.38435272437138,-0.06746263393141735,-0.9053864025480748,-0.17338234171300276,-9.751326275365715,5.578659800874202,-4.850609106294567
-0.26743484951985635,-1.246928829110656,-0.1767276483176904,-38.501142487657155,60.189587506585035,-118.73529700333604,0.03402586447681969,-0.5463070093870817,0.8879652523353947,-87.36252433164992,1.4556183718433076,-4.675995916625383,-0.38365593493218453,-0.969224229397257,-0.4020078432839965,-8.772616457241206,92.55918135310013,-48.482501385418516,-1.5636274866821034,0.7054252361286688,-0.6640317788458401,19.867830074043592,-30.865721207987775,32.03069925978862,0.8074810371962,-2.666980069530745,-2.4436648217542447,18.69070073639569,-29.747824465004285,-61.51029607691374,-0.5922816806450998,-0.39581914366646564,-0.22876355392892456,-26.522304354998166,-74.42841909510051,-56.67281744841825,-0.06704289800252006,-0.9222227961567961,-0.17087028168956658,-11.170860139769854,3.3866913528429246,-6.104248216213071
-0.3114240923844035,-1.2763749176945451,-0.17215908348696818,-39.57889078543481,55.114471375566964,-125.26456791793252,0.033079316307572104,-0.5463404926646744,0.9008305845402985,-97.80133286528445,3.311924432147011,-2.8777190821824625,-0.4165642257488772,-0.9897064234282598,-0.3802330234417249,-6.356911239266671,90.06979236752285,-43.910246738870995,-1.4398799673285143,0.7290574322556795,-0.5853830940444437,27.779642597746683,-61.521978863280495,4.191532944169668,0.8341313926741285,-2.4798699558124415,-2.3445565415904297,-28.214172085687448,-27.643603559961285,-84.28631510292583,-0.4661825356551893,-0.3812144354209244,-0.23184566055344685,-33.83328084303211,-80.39329901993838,-55.94151060282596,-0.06866291408905212,-0.9444745468051874,-0.16687896523393264,-12.751520727849897,0.6824003696315494,-7.673788432494951
-0.3519625540780178,-1.3061945505149495,-0.17046353865380412,-40.826319183207346,49.77222001463299,-132.19061330096685,0.030116358302013625,-0.5460089947845307,0.9141061067872085,-109.30875794696311,5.3645656915777336,-1.230991705981169,-0.4429000265860901,-1.0132179842946614,-0.35774134645462774,-4.110587123440198,86.03173476770107,-38.8804770455552,-1.2494075924353083,0.786109075733686,-0.48499455637621225,34.3763721290153,-85.2141393114077,-22.367635882477554,0.8175100605616153,-2.2681185792523366,-2.0815451348225684,-75.4051507969319,-24.325588757909603,-95.9241006724107,-0.32914611186436515,-0.39850273257217217,-0.2174778318625863,-40.14999861789489,-83.54898849622377,-56.57571576574586,-0.0722258632731359,-0.9727920358480533,-0.16180480813402232,-14.654010025985807,-2.289512097690804,-9.575396441075089
-0.38564470877473567,-1.3387507135456782,-0.17053610675763056,-42.291770818355346,44.51746599692324,-139.56998998608455,0.025782190691069858,-0.5454869065748964,0.9286040079136121,-122.1161251321315,7.707204437508769,0.2706292046532983,-0.4649552874452867,-1.0390595261654711,-0.3368397717601044,-2.004790633623533,80.60109279143818,-33.38554736861908,-0.9889700239716949,0.8798109435583786,-0.368407471406736,39.7129295056713,-100.26021677448689,-46.96870006523103,0.7462899810729576,-2.0280719876907294,-1.6490223135019286,-120.82657525106502,-19.29452279752056,-97.42149182464848,-0.1893085872525922,-0.4556097711224479,-0.18332607548631552,-44.50002506565876,-83.71932421295878,-58.6865931848411,-0.07730359796094435,-1.0092444765142188,-0.1553693325446136,-17.056297293113293,-5.258466643472325,-11.836719536835913
-0.4092486519444161,-1.3758865546802561,-0.17149699292002082,-43.965295499029075,39.682474890006986,-147.33102570981518,0.020877132419109462,-0.5441251337839211,0.9445632635733002,-136.3139038302007,10.436057405681593,1.6436244454348488,-0.4859300042292566,-1.0661148457828378,-0.31946913195668253,0.013183582920584955,73.96184367633377,-27.396982685035177,-0.6564285747320378,1.0113707443368238,-0.24159073492458447,43.99530959706721,-105.64878626154868,-68.61433157711568,0.6217920933518137,-1.7822696315886044,-1.0671358985238126,-162.1057979193693,-12.69938233584478,-91.71233210928881,-0.05609292286957386,-0.5576902866294131,-0.13008640751104933,-46.15316780022697,-81.05030336845341,-61.98265178936315,-0.08292999174755214,-1.054830188072629,-0.14658076456061309,-20.03989311029125,-7.9835041970847715,-14.447659158170143
-0.42047203531940663,-1.4205769553216057,-0.17284507071183183,-45.829978954501414,35.683794391891,-155.4032821123567,0.015326990838644614,-0.5419053420015972,0.9625931001420568,-151.91778250753111,13.624549587970959,2.885935902133362,-0.5092324243434282,-1.0944283109484385,-0.3078424350341713,1.9643926921704182,66.39498496619237,-20.98864972967171,-0.2596016324205788,1.1806431743385049,-0.11092502495878617,47.35905779674146,-100.75571392607328,-85.8566555051697,0.4607419922335185,-1.585630449580567,-0.3978842026128931,-196.50345718932016,-5.221892415314707,-82.5385206113033,0.058781488566790045,-0.7074511003713865,-0.0618912506978057,-44.756416139241885,-76.00069059093607,-65.86238226619442,-0.08760405430349871,-1.1104053285440938,-0.1341263127905128,-23.516082891241787,-10.304418401209618,-17.34355377348704
-0.41874206544024867,-1.4761739779574368,-0.17346941868786778,-47.87353824244384,32.931003859819754,-163.74288148390335,0.008026870157743435,-0.5390525228635396,0.982943990378616,-169.31808739300584,17.32055451614178,3.9508332132587536,-0.5382741791233995,-1.1237869368113758,-0.3031446496890102,3.96041195514435,57.973610838164966,-14.044150911503541,0.17625271761453137,1.384947482458009,0.017997473847390994,49.85983983581465,-85.68940031846807,-98.21955356652128,0.28705299691309627,-1.4871660798845976,0.26559705965793984,-222.33515976043998,2.1576141264288093,-73.50304236669339,0.14452843064306714,-0.904150761392408,0.014381645103799887,-40.331257895387246,-69.21135559929037,-69.36024528105924,-0.08876813911893755,-1.1759454423538285,-0.11621400685222309,-27.178758532236177,-12.219345789930905,-20.434603689391437
-0.40486173104818945,-1.544000485192491,-0.1723697289409625,-50.049096638091136,31.80303339991332,-172.13464434591359,-0.0022663996370687225,-0.5366786493233899,1.0044065297675278,-188.52370123785127,21.389891550709727,4.730724066629858,-0.5744145916809267,-1.1535571173029333,-0.3056605679434623,6.047592385374941,48.86486805437572,-6.618352346033246,0.5972177502048447,1.6164600383837402,0.13821098538572701,51.116679621898584,-61.2665322824857,-105.80538728552948,0.12660254321565742,-1.5054847946856578,0.8293259968384095,-238.67614055748433,8.31442881701681,-66.44760120474129,0.19025000531468972,-1.1397544453785355,0.08939868260717579,-33.310802420422384,-61.39253279625696,-71.38057179596503,-0.08370857331646647,-1.2494606833979311,-0.091853401129553,-30.50188478886575,-13.77484595367259,-23.544666213426368
-0.38230222455921603,-1.62538735115579,-0.16878718808790352,-52.37720865266374,32.71707549266446,-180.49292475794,-0.01698697193636469,-0.536597583257267,1.0268464889155287,-210.16414057186756,25.601670522049005,5.006672120497869,-0.6179033638115838,-1.18280726456347,-0.3142431149878992,8.390790493121248,39.00475542410015,1.470472233732566,0.9209816374370526,1.858297333985596,0.23924453226178508,50.5680991562817,-29.343655387590196,-110.44919964020602,-0.007859814157702176,-1.6189016883005172,1.2429755648092204,-245.86255768623406,12.267965759570737,-61.533330441789566,0.1891033930584079,-1.3972578346198132,0.1525742810585355,-24.345477387080646,-53.18262092147926,-70.79593096276085,-0.06912089657465585,-1.3277334133705376,-0.06073214562517049,-32.75771211179533,-15.132562527505907,-26.501266598599624
-0.3554603752415966,-1.716926818017748,-0.1621731315788376,-54.833598128228054,35.88591391681006,-188.49246862209586,-0.03718107701636109,-0.5390784385410919,1.0503159274243885,-234.18521441441382,29.533973970611164,4.577760451547331,-0.6659118547373722,-1.2084231985269944,-0.3263190016221422,11.091394729080296,28.477975268397508,10.214147887451448,1.0640066211556953,2.079756675957245,0.30525213614423885,47.820494844685264,7.212605266822838,-114.435418021569,-0.12725672042018266,-1.7805460975379324,1.4977205561820055,-244.23137480577077,13.166360084860187,-57.832955628413416,0.13920810617278245,-1.6478037792415232,0.19440112255521394,-14.206358319058658,-45.13852188968915,-66.83498760125525,-0.04298488150447982,-1.4040712319174702,-0.024239609548232385,-33.23398920001603,-16.44270507191568,-29.09061298386821
-0.3305629113642503,-1.8157590964073986,-0.15279971891704588,-57.49133644517767,41.56583520117256,-196.0324113451501,-0.06330674181014315,-0.5438722214771124,1.0799991643560893,-261.15627996960063,32.80495511797261,3.0936521664273617,-0.7139226629888656,-1.2276081631187432,-0.33860590021708015,14.349864164873063,17.246611830043385,19.821270447523496,0.9780156523360539,2.2379762754113006,0.3165836394253596,43.38701696298855,44.35415181481026,-120.01529065746183,-0.25200656929710735,-1.9299819278610346,1.6168025307495324,-234.36790771782336,10.84420232200489,-54.34903148117804,0.04900175428403495,-1.8544008569299728,0.20830613789777483,-3.6222869673210703,-37.72967457392688,-59.44086593960695,-0.004744793541052458,-1.4717079503683024,0.014925905958296126,-31.408918558143856,-17.907408321786267,-31.171371009386192
-0.3143381641824065,-1.915886634080354,-0.1416467012569916,-60.35330441361982,49.76447601486554,-202.7921513202003,-0.09353671770587708,-0.5491275777272747,1.121641720720732,-291.0786137724355,34.987821828472065,0.18551984682443562,-0.7552381375035684,-1.2369810373152934,-0.3472815420254673,18.304853945766144,5.401066413454503,30.40569895071812,0.6771999318709736,2.286763513197107,0.26147993185795054,38.6728995935969,76.87572985331724,-128.11375735531666,-0.38284842275479075,-2.0186598367301687,1.6326561819635024,-217.3835545628187,5.9522858875231295,-50.35321873308866,-0.06201569278986424,-1.9775438005873793,0.19227061061329628,6.656176063179185,-31.429639686113806,-49.404932072396186,0.043384361992108225,-1.5225826724298863,0.05262976972124562,-27.163198362026495,-19.649412917313022,-32.63472136132992
-0.313732732779529,-2.012556318004352,-0.131078877424608,-63.390040766276755,60.381357621728284,-208.51055583650432,-0.12359871739793117,-0.5545419201047802,1.181835101171003,-323.8176813972759,35.86807364719773,-4.512838496738988,-0.7833378205376028,-1.236275741996591,-0.3499298961852841,23.02224200449087,-6.81647067125149,42.02704354766209,0.22785520254134084,2.197245220504428,0.14045068103218125,35.61418903566316,99.53407235352657,-138.2362776878867,-0.4944832143222926,-2.026247430604447,1.5736885434112924,-195.00712124545439,-0.2842323891613422,-45.513327580793934,-0.16498386619453193,-1.9881131175489075,0.149329284141436,15.76629251110619,-26.70407155842402,-38.40232314345674,0.09702416856794677,-1.551051058243605,0.08430279587436589,-20.84020575247409,-21.686839682002464,-33.446451928728
-0.3334288315986657,-2.101941559086894,-0.12464504623707258,-66.43883912598454,73.12961297478853,-212.87843156897006,-0.14843146455799558,-0.5628739198175603,1.2641236917295053,-359.1374579385278,35.78257149720229,-11.24147908323276,-0.7931413073885571,-1.2279528574808196,-0.3462113658956309,28.494359548537012,-19.283289818270838,54.81887968123937,-0.2816395980252624,1.9762173898397288,-0.03623543786422301,35.73442984695341,108.99745114779566,-149.01697617422818,-0.5520003086763952,-1.9470596590428875,1.465339651045154,-169.05361041843844,-6.092123788786226,-39.53786781001621,-0.22683162080618557,-1.8794445033958045,0.0877839401580312,22.83191958666435,-23.583701008291126,-28.537763061132804,0.1512122009707282,-1.554321076522775,0.10703835234637502,-13.128681379466707,-23.939266312398438,-33.646167502394746
-0.37416154796831863,-2.1821486585679746,-0.1270786408198015,-69.23377496151825,87.43485631652509,-215.7029640274783,-0.16351203487030203,-0.5799701832363239,1.3684001061162463,-395.9749732444053,35.43489176159791,-19.90543430636722,-0.7828593632319052,-1.2176319400433453,-0.338472472554617,34.51634270444153,-31.60639324145485,68.55431902628992,-0.7663394270210415,1.6643798326096246,-0.2489753485764624,39.37912348173392,104.55463780608346,-158.6995126807839,-0.5403236125655718,-1.7946786142561362,1.325260271954657,-141.77522176268275,-10.073949292440753,-32.58228934433311,-0.22121372363173056,-1.671224380961661,0.01897528112404203,27.048305161803132,-21.789370217515174,-21.921585815330555,0.20078212360002515,-1.5341841863097958,0.11966732976111505,-4.971862323332272,-26.211033984581107,-33.328158434646504
-0.4314389112976926,-2.252398452055293,-0.14403461592668731,-71.35798048079518,102.48564405988536,-216.92138999219029,-0.16749770834124136,-0.6148236606331832,1.4922060035233238,-433.32990090954434,36.06509000706145,-30.38109328586256,-0.7533074892697993,-1.2118798289287958,-0.3310299057129191,40.83231339397026,-43.61883044094802,83.0941439815586,-1.1549510242061662,1.3156006497643158,-0.4688791399772502,45.53835620841495,88.03033756315119,-165.68293316577086,-0.48776165370095154,-1.6018626339691142,1.1750119519956426,-115.63024884747405,-12.01095258697573,-25.17289070475921,-0.13400481900500993,-1.4017755210153402,-0.04679734352404941,27.932893414876776,-20.16179175535216,-20.13818468649676,0.2415194416936249,-1.4955603436814855,0.12318292958774517,2.695401787083531,-28.309817311950322,-32.60444757623328
-0.4962217719751237,-2.309848722701651,-0.17892471606791321,-72.31660926088207,117.09004304543632,-216.44470122145268,-0.16142438265235082,-0.6754339665423962,1.6244262054020828,-469.2784923271402,38.858957366568,-42.165854856815095,-0.7075368790394306,-1.2145008754604203,-0.32806744506819835,47.01650387997167,-54.93606043879534,97.8542181861673,-1.402265009279826,0.977992189736123,-0.665852224709254,52.44765387366848,62.959321909077445,-168.67288946226194,-0.436902707907232,-1.409169400014708,1.029856844257504,-92.4347786099818,-12.425899258702357,-18.148271175327668,0.028694731647047122,-1.11354727620314,-0.1035355135521091,25.42899120436263,-17.37525670708236,-23.654690160686233,0.27013459108839855,-1.4445891223154914,0.11950896420783948,9.081257141227331,-30.04042078852843,-31.552005977678
-0.5572218354453365,-2.3519358477017294,-0.23180911847905963,-71.69454479670748,130.12563175465425,-214.523954132922,-0.1506174005288487,-0.7717100559294112,1.749757683627708,-503.0027684506769,45.33198389861283,-54.8468824842391,-0.6497237240937122,-1.2274367024066917,-0.33344167786318674,52.7284780069082,-65.47162598535675,112.5326244472659,-1.4954533437001376,0.6888373288793649,-0.8210298397372175,58.4040272738042,33.654596911547046,-167.01857810487584,-0.4134426648736187,-1.2391972768336819,0.9013522988281565,-72.81696246567657,-12.107189463453942,-12.326994075892374,0.24534856977929975,-0.8435906494729465,-0.15183310847608927,19.913490514299934,-11.819759950037326,-31.842647326969544,0.285440087463132,-1.3883439965983018,0.11138491910178522,13.782304729780616,-31.36583534966533,-30.214220261633713
-0.600632704761529,-2.3693221215041467,-0.29690164740316266,-69.17621348361031,140.1358010470816,-211.3354499451224,-0.14441800497215207,-0.9067411185553919,1.8501457273211355,-532.8704138705971,56.60135688509388,-67.89900427919545,-0.5842187569428804,-1.24826291383012,-0.3490648269376541,57.499009434684794,-74.98704917112235,126.57642862136905,-1.4498574772934922,0.4798453029810082,-0.9252369443307944,62.06940111479396,4.519599851721518,-160.54447945898156,-0.4124637157152192,-1.094660430846167,0.8001488855219684,-56.894035569093965,-11.77444746009211,-8.305568567978835,0.4804402574552,-0.6218939610558187,-0.195723518874115,12.128773223171148,-2.161705761071553,-43.042824846301805,0.2873920912240448,-1.3310996324553568,0.10154098982406956,16.694170139024873,-32.30946861594212,-28.549637266525746
-0.6172086680567823,-2.356169988439222,-0.3655680827224134,-64.87748017697491,146.1190590841909,-207.44026152772588,-0.1516940358906641,-1.0724258044746537,1.9153067964968018,-557.644842299959,72.70383043875941,-80.81622649564582,-0.5162362332309707,-1.273630289942902,-0.37452950241239663,61.01527409229742,-83.27368216070585,139.50590401096622,-1.3031742767709018,0.3696226081466266,-0.9804294362803457,63.01400272341115,-20.929591409465793,-150.02930795691623,-0.414054197642674,-0.9728347100020361,0.7346235205419527,-44.6231636503042,-11.832233072293793,-6.221425599005467,0.6987018119259517,-0.46635712727547646,-0.2388711733418418,3.093343738121576,11.861625420709656,-55.24439292894282,0.27787257461734854,-1.2766601520197445,0.09231048143231127,18.019139292636353,-32.98286367456128,-26.576571802852683
-0.6002797121177242,-2.301363774931138,-0.42377349934757735,-58.98013205753084,146.87704988006737,-203.01994231305704,-0.18719526909175252,-1.242106595466552,1.9360300317074441,-576.8326810011597,93.88444931407624,-93.51668968181332,-0.4486166684815321,-1.3001687911119435,-0.40878885503429957,62.9368066111542,-90.26457441057046,151.14797110832265,-1.1046192659873586,0.37813412497934196,-0.9960458193311652,61.00883830072707,-40.957562486889216,-136.29724121314837,-0.40485590821438416,-0.8705540380323845,0.7031105992539891,-35.54273461313276,-12.437913480972131,-5.872322115204049,0.865154194490667,-0.38596433735938696,-0.2830236541594255,-6.425938011299192,30.810897801314653,-66.55885671957368,0.2588176578317164,-1.2246366792475096,0.08567773843837392,18.072676136987447,-33.48756610951509,-24.193753042258365
-0.5559402398057172,-2.2104697359205434,-0.46027085480053237,-52.24586451947083,142.6420072198748,-198.58635175721804,-0.25433353768730543,-1.383396499954127,1.9200201504232037,-590.939714641957,118.32386595904157,-105.46315804294746,-0.38575858880849717,-1.325823112560772,-0.4480185304813976,63.31312282537152,-95.85394808284741,161.2394672685807,-0.9033736033367423,0.4952439348238909,-0.9860003284558376,56.71056659666448,-55.34608854150358,-121.19051387681542,-0.3861703198324902,-0.7901692914061109,0.6965944445824881,-29.307991471770542,-13.47624621635838,-6.803525571777609,0.9633273998353733,-0.3738352883709236,-0.32534345892025673,-15.56489676649571,53.139240110054835,-75.71752123761097,0.23398870354642354,-1.177087396683517,0.08242348477029669,17.26947921832197,-33.904887614857984,-21.549723662699513
-0.4853009359451764,-2.0782259457147347,-0.46281602749406775,-44.92005930104879,132.9871451508364,-193.91402592353137,-0.3663743530510529,-1.4690360443585206,1.8736080576958272,-601.6992645995783,146.48544840480147,-116.8292535900959,-0.32773269022723633,-1.351303289229579,-0.49132962138532016,62.03527496516871,-100.23754756524279,170.11236336702643,-0.7394545450731504,0.7289705816879202,-0.9623811699270542,50.05283684062725,-65.34798716372572,-105.5537319733342,-0.3586984753681493,-0.7276087941137189,0.7054187678234819,-25.104169590319888,-14.942224639776507,-8.701976931206538,0.977487184143674,-0.4257934130407998,-0.36563820919840795,-24.211551834592452,79.37684789543121,-82.10568569332065,0.20486451480860995,-1.131576264251656,0.08315817761157371,15.870245115630706,-34.28284869822453,-18.529754273834858
-0.4053956071749551,-1.9299587685056598,-0.43612406888347527,-37.99725118106758,120.19082228498914,-189.5099969965668,-0.5040275706681756,-1.4947152764553882,1.818367656596482,-610.2678414763924,175.02882755487454,-126.4605940865973,-0.2787280398260227,-1.375119249924613,-0.5325359836374801,59.721308192938125,-103.4475199150597,177.4510800400201,-0.6340658053494032,1.0239949431414288,-0.9361442365755006,42.35236968093816,-71.97089687971798,-91.52947824550203,-0.32699091754368054,-0.682085186270141,0.7209307815096802,-22.421595109454884,-16.582310116327992,-11.007911573636745,0.926286146023482,-0.5156451785729601,-0.40029735555110546,-31.61287813796294,105.836066600502,-85.73337616244304,0.17615749194017774,-1.091316230893416,0.08688713121161104,14.304604016929314,-34.63429152499357,-15.53762933705126
-0.3097652486287091,-1.7529955299296582,-0.3796370145093915,-30.973506959085224,103.58450205910175,-184.72741969295836,-0.679200294909739,-1.4700967304240038,1.7496848124282733,-618.4469064824143,206.70893275678122,-135.38280429562028,-0.23435966408729178,-1.40053211026035,-0.5750979007443496,56.22554171560574,-105.93055652790576,184.05005587891137,-0.5830305591796213,1.3998754857159017,-0.9090090474824444,32.916369873455224,-76.76111533152789,-78.14179289094366,-0.28568070116002564,-0.6447877295902835,0.7418654653231528,-20.674289119560466,-18.479190745187314,-13.758533986982991,0.8086555031961637,-0.6444154942883006,-0.4337587344931582,-38.554604619308364,134.90285046124083,-87.1335578021365,0.14583342486653675,-1.051442285626325,0.09359601724927645,12.508807010402508,-34.970056034097794,-12.253884327411185
